landmark_x,landmark_y
-19.913450726344887,15.006567598310001
-18.889709230640744,15.00582089825058
-17.8659677349366,15.00507419819116
-16.842226239232453,15.004327498131738
-15.818484743528309,15.003580798072317
-14.794743247824165,15.002834098012897
-13.771001752120021,15.002087397953476
-12.747260256415878,15.001340697894056
-11.723518760711732,15.000593997834635
-10.699777265007588,14.999847297775213
-9.676035769303443,14.999100597715794
-8.6522942735993,14.998353897656372
-7.628552777895155,14.99760719759695
-6.60481128219101,14.996860497537531
-5.581069786486866,14.99611379747811
-4.557328290782721,14.995367097418688
-3.533586795078577,14.994620397359268
-2.509845299374433,14.993873697299847
-1.4861038036702894,14.993126997240426
-0.4623623079661421,14.992380297181006
0.5613791877380017,14.991633597121584
1.5851206834421454,14.990886897062165
2.608862179146289,14.990140197002743
3.632603674850433,14.989393496943322
4.656345170554577,14.988646796883902
5.680086666258724,14.98790009682448
6.703828161962868,14.98715339676506
7.727569657667011,14.98640669670564
8.751311153371155,14.985659996646218
9.775052649075299,14.984913296586797
10.798794144779446,14.984166596527377
11.82253564048359,14.983419896467955
12.846277136187734,14.982673196408534
13.870018631891877,14.981926496349114
14.893760127596021,14.981179796289693
15.917501623300165,14.980433096230273
16.94124311900431,14.979686396170852
17.964984614708452,14.97893969611143
18.988726110412603,14.97819299605201
20.01246760611675,14.97744629599259
23.75003344593441,7.71035568848784
22.032741472046993,11.728922991702284
19.160336485434243,15.958974503203027
18.909683102467973,16.173712808934972
19.73716851414728,15.034217082955164
18.641958060202626,16.317426363418498
19.016416079569577,15.793948031839504
18.930275209887654,15.769595010739925
17.503638772078453,17.22571982161007
18.427231039939937,16.038582385650745
18.016660131789923,16.307373849564513
18.05585561578451,16.024127074672148
17.708449247100265,16.145117048701017
17.067023829482117,16.55650799853134
17.387449331414956,15.881030172763149
17.340985450594815,15.584968218530936
-23.165863287805927,13.794440827377002
-23.57240154478557,13.632373825016836
-23.775808351617442,13.801751894110733
-24.004886608250633,13.943516605745822
-24.729198749897776,13.948596242365216
-25.757462339604,13.592355771015496
11.88230325689996,15.305660616474352
9.897542375137805,15.259415640198025
8.541737510077134,15.56159520988277
7.5550793269219225,15.405495804148913
6.82462981122663,15.002344913789253
4.217070253048918,15.217907998728064
3.081137067122788,15.09342555487235
1.6737665782101114,15.178901350276254
0.35123004041231753,15.190520601477724
-0.6042625817363155,14.893821738661739
-1.760916494029684,14.782425408263165
-3.200901110598654,14.906238189468105
-4.133802827374293,14.651794011242885
-5.482172550322126,14.688766497482103
-6.731893392644306,14.645989007637922
-7.874701602793042,14.5568991965569
-9.420998837540012,14.659042922298472
-9.836401089286504,14.228720071814003
-12.441713256790493,14.771137845896408
-12.701678804296844,14.330576996273061
-14.043108318148604,14.339185953382618
-14.911572923563352,14.173992798934668
-16.159227457133813,14.141895634115592
-17.641510326739322,14.151992132141544
-18.464687766491544,14.029536709203766
-20.214222482054716,14.071482623848787
-22.647301298666953,14.05893350308945
-21.324462653720975,13.815145605605556
-22.941272483348556,13.833842747019851
-22.52588625826636,13.676845502625444
-29.686274771050613,-15.520148754290629
-25.38790051041623,-16.267593829928117
-27.07165727522429,-16.32317743175615
-28.652909603224632,-16.340236071210608
-28.128335991347818,-16.54777716088154
-31.32914477711718,-16.357998385745024
-31.414476054181137,-16.62616564905391
-32.489583838672445,-16.72331494506801
-34.465643849112524,-16.588934743594912
-34.97436631049463,-16.85574232472358
-36.966284378444215,-16.634935318393374
-37.681324765063486,-16.885621813253593
-38.949524572921625,-16.93004388027226
-40.15632849044934,-16.975409997885784
-41.375524375808254,-17.02697626667686
-42.56906883489164,-17.101545490746027
-43.689662466401636,-17.187689142480913
-44.971814301080784,-17.189844302751027
-46.17513169278091,-17.254861807275013
-47.46235836071098,-17.265013180630095
-48.58080362892405,-17.371342171439075
-49.87526111798319,-17.33973927340185
-50.80769993122036,-17.59840499560447
-52.18413280047514,-17.525875490606953
-53.3307682072182,-17.63334740063668
-54.50498177538666,-17.716602612049947
-55.74633965910942,-17.73542678583265
-56.97414747374133,-17.781445763192117
-58.24930013446549,-17.752511344930564
-59.350235245408555,-17.91675953407748
-60.51237948631055,-18.02649025751527
-61.797786970701935,-18.00539627079462
-63.01320920038575,-18.05102645213003
-64.2101815666071,-18.076395576153637
-24.832436005844894,-16.199513711580533
-25.437474857419883,-16.236274656330064
-26.03437721519736,-16.265433441842127
-26.655180552534656,-16.337754788326386
-67.16130807840315,-18.306246563134128
-67.73089201582961,-18.359682130698626
-68.43764920993245,-18.263205612435883
-68.95978975135552,-18.39200083224718
-69.65290918165323,-18.314155549242248
-70.20019119968215,-18.408267985594133
-70.82634938105306,-18.401008942701182
-71.38685114177336,-18.479384458629543
-71.96740637465203,-18.520696696609928
-72.57190036054459,-18.55787650454952
-73.20457814863958,-18.553355588726102
-73.8284883444914,-18.566296737630278
-74.45833852373278,-18.57382732339523
-75.01751850610229,-18.641657913180776
-75.60335733369347,-18.684537939702853
-76.24340237477847,-18.68841689725747
-77.39846009708744,-18.77339069086222
-78.03296765676012,-18.78945661697379
-79.21168719015805,-18.881078897554694
-80.38276273820418,-18.95361885198934
-81.63130004882701,-18.960780433514635
-82.78679574742132,-19.057356999057106
-84.04219199325351,-19.081850184348898
-85.2582538778762,-19.14057920094122
-86.42723948201471,-19.208046209100306
-87.63192471945179,-19.27319029095195
-88.82534564642661,-19.346648573614747
-90.05601445395635,-19.371314658348773
-91.25881164618205,-19.451448144649206
-92.43775344044019,-19.52641169100846
-93.63098007294833,-19.588726106990602
-94.86137544232034,-19.6191342446128
-96.0697487171646,-19.681109671552026
-97.27446838230466,-19.736105124742263
-98.43532139383899,-19.84602833650031
-99.68115513767172,-19.874489351873482
-100.84959209515962,-19.952591024920935
-102.06942969995828,-19.993581152591577
-103.27797310998004,-20.05548412414029
-104.50910421659013,-20.090720235748655
-107.53484371415202,-20.23828944921956
-108.09470024235937,-20.29024899581629
-108.69387811628961,-20.332649512883158
-109.3214875042598,-20.339881536272202
-109.89892792416016,-20.388226172480366
-110.54018185094095,-20.375548008540736
-111.11581171909056,-20.443545208196333
-111.71596170191873,-20.46629440137952
-112.30611770934696,-20.508775853194713
-112.91975123451849,-20.533578938620558
-113.54108082640143,-20.54997411356289
-114.14082886625046,-20.581717896247962
-114.73558361809123,-20.607928044908697
-115.34952114345656,-20.628853965612677
-115.94849717477753,-20.667307457233154
-116.53918180256112,-20.710538533675056
-117.74991239660164,-20.76828201760172
-118.34725782951216,-20.797405917762713
-119.55684681177299,-20.854060617236424
-120.77849117255215,-20.8848707545509
-121.96841765724828,-20.976177247170043
-123.16994667936474,-21.038908780811884
-124.37806047269862,-21.085393895352652
-125.60578845459153,-21.135894715988222
-126.77798276206768,-21.216266498753303
-128.01402458317077,-21.230522318004603
-129.1935509855241,-21.31700997734152
-130.40185899627892,-21.381462355918146
-131.60216214563565,-21.44375847106566
-132.8128018227748,-21.498768542598366
-134.02085076152127,-21.55439509038497
-135.22564108331886,-21.624370303505998
-136.4268187362917,-21.668940165332934
-137.62452437330376,-21.74654788903794
-138.83072465728233,-21.792337682908787
-140.0402499853226,-21.84384345736467
-141.2475786154617,-21.906588259002653
-142.46543674088667,-21.961622244703392
-143.66611511511346,-22.02202676894712
-144.86526679973903,-22.085497564358462
-147.8530560005906,-22.249278671283175
-148.45924833275302,-22.268339026543757
-149.07755289499605,-22.29057431726043
-149.6481942365628,-22.35192557709527
-150.2604407421867,-22.364372842659183
-150.8764221125908,-22.384548624044438
-151.49026328552466,-22.41546206180087
-152.08137824672778,-22.44135593102715
-152.6697115394508,-22.47808034381596
-153.28625550940413,-22.499122123136505
-153.88037075264546,-22.535717019174296
-154.4847193599994,-22.566847051794042
-155.0784935559434,-22.589086242227374
-155.68020656446822,-22.615244201820833
-156.2887399489236,-22.647579031428904
-156.86617692836938,-22.691250156702537
-158.0669731275,-22.748785692378757
-158.6670427017894,-22.77741186439477
-159.87550333803944,-22.828723757607296
-161.07444730378356,-22.895511794632718
-162.28322496155556,-22.94595237459299
-163.51312383049768,-23.004979901310666
-164.679510482741,-23.08200120669374
-165.87673156087166,-23.143863910108895
-167.07121239883884,-23.20768277205704
-168.28583164506477,-23.246305025416284
-169.46124872756073,-23.319611739509785
-170.69682058056637,-23.369225195577982
-171.88001795195993,-23.45280146342336
-173.06207746866312,-23.490157417651854
-174.26506220803662,-23.562985382272643
-175.46538877086303,-23.612849327752496
-176.68150916311384,-23.667848142170598
-177.86328530249878,-23.750708606556188
-179.10738014220783,-23.793547146596218
-180.29719635649488,-23.839716884889636
-181.49825024743413,-23.911807187325767
-182.68041288889253,-23.969942868493508
-183.90922676823632,-24.02084584214549
-185.0774471882223,-24.096201454848654
-188.1134102082915,-24.22767113282977
-188.7281508316461,-24.263528226328535
-189.32765299936912,-24.278612771078272
-189.93537003740423,-24.32402562788094
-190.5263192345187,-24.336170656135085
-191.1298108973851,-24.371787437620725
-191.7474164048596,-24.393636549617273
-192.3573192414448,-24.4235440211365
-192.95279424159082,-24.47159341753917
-193.587760471249,-24.4744754849059
-194.17812337717817,-24.51834780692927
-194.79314368080423,-24.541451857365193
-195.40771178151286,-24.565763804844753
-195.98197394997834,-24.617224316057023
-196.59627962508534,-24.6412065993241
-197.2025650181743,-24.66505322835934
-198.43252624077326,-24.71081390662583
-199.02851166878887,-24.74223248050536
-200.21199989963384,-24.825843028355617
-201.46148145622874,-24.841412503125106
-202.64807543980615,-24.916582647689406
-203.84914851876238,-24.995424123649126
-205.07835366119465,-25.04256901397199
-206.30369317561878,-25.088998525327916
-207.50460785900785,-25.15869469770949
-208.71174735700228,-25.219794914560584
-209.93169846319094,-25.271515867417744
-211.11198286260046,-25.346931067787576
-212.32601322609102,-25.38995197020349
-213.52703230343224,-25.4498803169676
-214.7362508550685,-25.496993745410578
-215.9395214927885,-25.561227866331407
-217.1337392614807,-25.626751131482983
-218.34447008937448,-25.67144536155748
-219.5746798514787,-25.711905801453646
-220.76298544601923,-25.792528565975097
-221.963491762011,-25.85850831393099
-223.1715527573148,-25.900175150936526
-224.3895803626413,-25.941825611223827
-225.57115324045057,-26.022166078937804
-228.56743929878627,-26.174243240242525
-229.19030400975208,-26.186403858751166
-229.77590804758879,-26.230853931504143
-230.39063294028978,-26.259766435355772
-230.97185914713737,-26.30113674867665
-231.5901218555088,-26.316278594898197
-232.1951888866059,-26.339337854401784
-232.7965172997786,-26.37728331563042
-233.4063085271772,-26.402390538580697
-233.99756436188085,-26.434065958712726
-234.6088158515369,-26.453291409933897
-235.19915541931113,-26.48327875362255
-235.7918069057582,-26.519785328548174
-236.39216624838699,-26.551581646190233
-236.99261612438784,-26.580305249198787
-237.6050429844835,-26.594744356258058
-238.8020495250488,-26.66441334676531
-239.40703896852244,-26.692660699435876
-240.58895535011433,-26.764136177187968
-241.83233477174912,-26.80442167091748
-242.99760337430652,-26.88525328854189
-244.21293047095722,-26.926455466593172
-245.43943357403566,-26.980700224481698
-246.61907166339927,-27.040829583832934
-247.8338790891466,-27.097502963930165
-249.02866567365837,-27.162873744487577
-250.22052929055624,-27.223890479399444
-251.43257337278555,-27.27018280476603
-252.63349428928237,-27.32057314671081
-253.84615767588207,-27.396435441518577
-255.0377418779149,-27.44070496568535
-256.2287343328905,-27.503327778753274
-257.43031561121035,-27.574841569209944
-258.6312455920839,-27.634379519684085
-259.84222736917735,-27.682099421675982
-261.0581664085919,-27.742544069834267
-262.2436486136124,-27.80392269248851
-263.46014563975524,-27.860465777864768
-264.65614445932846,-27.905767078190983
-265.85784068991944,-27.963702932358757
-268.85269270564726,-28.118599619586142
-269.4610866440058,-28.141027557798896
-270.07261475566156,-28.16150236876445
-270.6568110730151,-28.211730576336834
-271.2763457176593,-28.231036242838083
-271.85136903752,-28.26604242558437
-272.4726309763601,-28.27993542760172
-273.05460889225316,-28.321537393114024
-273.67493255050863,-28.33746759391902
-274.2563284085637,-28.377137469652002
-274.87953005718697,-28.401757965483554
-275.46903404168745,-28.441202406854554
-276.0770076081098,-28.465425715085033
-276.6722439190675,-28.489899861988263
-277.2627245241654,-28.520389688825606
-277.8496650072809,-28.556292332420792
-279.0847806665559,-28.59700376841064
-279.6939821681124,-28.62784724590468
-280.88453891465787,-28.686355929394207
-282.0839100650327,-28.754041267664558
-283.2794062467983,-28.80277260249639
-284.4737289856886,-28.868225591736266
-285.6720279178766,-28.926496870791777
-286.87794747989165,-28.987244481189034
-288.06440249086666,-29.036936766733557
-289.25813880315917,-29.09737066496386
-290.44710211083833,-29.155050316207323
-291.63909687478593,-29.21907624670509
-292.828913513144,-29.27889620699418
-294.0456077029537,-29.321687486307344
-295.2651490285266,-29.3778593295046
-296.4757895894852,-29.430605659091814
-297.6759784004255,-29.478843169748778
-298.85522327701256,-29.565875521977727
-300.0741724952566,-29.608795485359536
-301.2464341023432,-29.672914328791723
-302.46136887651426,-29.72225231152772
-303.66275709451605,-29.78041731297403
-304.8590950150236,-29.846477991828245
-306.04973560712,-29.916598241732704
-309.06476021963624,-30.046304023375864
-309.6689184537855,-30.0705515892185
-310.27812541161626,-30.109975892289732
-310.85852458832187,-30.147966074163588
-311.4675589036714,-30.171844189782963
-312.0761530714988,-30.194469774916524
-312.679848134302,-30.219191771186363
-313.27768898871784,-30.25955833609782
-313.8808028821892,-30.286200280463504
-314.4613758396081,-30.33226339998744
-315.07460563658293,-30.33424415666823
-315.6750626349194,-30.386459040752204
-316.295422478749,-30.384887258327744
-316.8782300561834,-30.43405588186028
-317.48639694393125,-30.45204227831298
-318.0710792797199,-30.503297706322734
-319.2703946113204,-30.537954814623557
-319.8715597727511,-30.564743563839272
-321.069345194828,-30.641618134560094
-322.27203774104834,-30.690800939743706
-323.4764192853056,-30.752481628464455
-324.68083245231514,-30.801848357173846
-325.8815725284785,-30.848910697919603
-327.0749939634189,-30.924899305499427
-328.2670023434382,-30.984602793174833
-329.48331314040655,-31.032915569718618
-330.67057678792463,-31.085644744093873
-331.856206179667,-31.151569555512257
-333.0428526614244,-31.209717704700132
-334.2507398089391,-31.265417626892535
-335.43667897055263,-31.317937220926492
-336.6326951929263,-31.376250813733495
-337.8207995025689,-31.428787484561987
-339.01028404364916,-31.50061936937587
-340.20151175280847,-31.56920437325799
-341.39366598994803,-31.614989056474442
-342.6133352679908,-31.67729358260431
-343.79893784160123,-31.71452675509069
-344.98936621900395,-31.785763383948
-346.19124263996605,-31.84869268298867
-349.1886605984797,-31.979853531735998
-349.78097343454255,-32.00855913521753
-350.3722232335058,-32.04785915829564
-350.9819987514767,-32.05521155542834
-351.58285012319186,-32.09509014999095
-352.18536145325305,-32.1136621435952
-352.77226019284285,-32.15056918311501
-353.36323690789925,-32.19024517586312
-353.96894995460616,-32.20756313821256
-354.5732774135739,-32.23157528790185
-355.16939756657666,-32.271383622674314
-355.7829107891527,-32.2922966503292
-356.37427682705726,-32.321367184297586
-356.9751016287585,-32.346206194192675
-357.5819173901911,-32.36974278594111
-358.1787648985887,-32.41120600226409
-359.3614921290292,-32.465219860218134
-359.97864542308116,-32.47662260512435
-361.1565484491625,-32.54685864077316
-362.3471569348036,-32.6069175013365
-363.5381043848721,-32.66670533898656
-364.7512908027347,-32.72233836088757
-365.9408561038941,-32.77023240092056
-367.13995253480243,-32.829038131956864
-368.34535403477025,-32.888227312513145
-369.54298007135947,-32.95874479247286
-370.7466667562568,-33.0048708083046
-371.9269818503372,-33.07854383779118
-373.1499968638014,-33.10216791865707
-374.33289419749923,-33.17655698466123
-375.54130742811884,-33.23581241317081
-376.73986688373077,-33.28323020347672
-377.936734046695,-33.34358998555649
-379.13611087478927,-33.397658689042814
-380.35260566419413,-33.45166107275861
-381.55485199449316,-33.501023950054986
-382.75622093476073,-33.56862589330174
-383.9631133814413,-33.61838061455562
-385.1573488626833,-33.68462840855606
-386.3362758803136,-33.73688126619706
-389.3435871526456,-33.865803489994484
-389.92178179545476,-33.92243438877542
-390.54884473447294,-33.9138692316874
-391.145624474112,-33.95639271981668
-391.7700377387099,-33.9716009553588
-392.3470619330758,-34.01610415510625
-392.94726034759503,-34.0430305038104
-393.53795077197003,-34.05917199819628
-394.1654498284557,-34.09070130761657
-394.74850210388746,-34.12840560840558
-395.3621292938231,-34.1643913203763
-395.957880063433,-34.17757047118313
-396.55883780189237,-34.20143778272661
-397.14973514070255,-34.24766364228431
-397.7502541687719,-34.27147655318215
-398.36473132714224,-34.288965449235874
22.923048945002137,-9.991288848693724
21.7490880929126,-9.991288848693724
20.57512724082306,-9.991288848693724
19.401166388733525,-9.991288848693724
18.227205536643986,-9.991288848693724
17.05324468455445,-9.991288848693724
15.879283832464912,-9.991288848693724
14.705322980375374,-9.991288848693724
13.531362128285837,-9.991288848693724
12.357401276196299,-9.991288848693724
11.183440424106761,-9.991288848693724
10.009479572017224,-9.991288848693724
8.835518719927688,-9.991288848693724
7.66155786783815,-9.991288848693724
6.487597015748612,-9.991288848693724
5.313636163659073,-9.991288848693724
4.139675311569537,-9.991288848693724
2.965714459480001,-9.991288848693724
1.7917536073904614,-9.991288848693724
0.6177927553009255,-9.991288848693724
-0.556168096788614,-9.991288848693724
-1.73012894887815,-9.991288848693724
-2.9040898009676894,-9.991288848693724
-4.078050653057225,-9.991288848693724
-5.252011505146761,-9.991288848693724
-6.425972357236301,-9.991288848693724
-7.599933209325837,-9.991288848693724
-8.773894061415376,-9.991288848693724
-9.947854913504912,-9.991288848693724
-11.121815765594448,-9.991288848693724
-12.295776617683991,-9.991288848693724
-13.469737469773527,-9.991288848693724
-14.643698321863063,-9.991288848693724
-15.817659173952599,-9.991288848693724
-16.991620026042135,-9.991288848693724
-18.165580878131678,-9.991288848693724
-19.339541730221214,-9.991288848693724
-20.51350258231075,-9.991288848693724
-21.687463434400286,-9.991288848693724
18.39753740032934,-16.88206228898525
21.023171688869706,-13.41778290115825
23.257346615774356,-8.8720707220442
23.29887771497465,-8.6084841095756
22.705178602101103,-9.961326085654836
23.230488382319322,-8.429354930775954
22.91943717616686,-9.068662146090796
22.809540380721202,-9.096992910934272
23.35150225273425,-7.257875194934981
22.680405353650624,-8.766807734104189
22.64399414797503,-8.43231597628959
22.31991521728824,-8.779436013831733
22.152109350990248,-8.627571488080918
22.08936154676236,-8.107331389694826
21.52684516557234,-8.943154598130523
-24.616670185607774,-10.916252499169621
20.694031419998907,-8.911395645823902
20.12464243479028,-8.785148413448871
19.391301980985954,-9.028285552052147
18.627567062073307,-9.233471599346467
18.10564026281528,-8.779080295863313
17.089172433621684,-9.355597525291042
15.634857228601351,-9.107328592346306
14.60020026887861,-9.4558606716101
13.770419678914617,-9.421057173292377
12.731387271849234,-9.679916349758743
11.956290866602954,-9.3126611291285
10.79339948081386,-9.72452800459532
9.954321444975236,-9.398465018948167
7.524728254345917,-9.987850406974887
6.641993666963394,-9.5988003586678
5.434765466588938,-9.752418758583735
4.179445862025474,-9.882437148766925
3.043553583684031,-9.783544114053456
1.8782707962010532,-9.762798747461813
0.44664004856168604,-10.084080568410258
-0.8363779703258278,-10.200473313025913
-1.8722307292100933,-10.058429543502442
-3.280062803613699,-10.33362429567824
-4.408260969025108,-10.288157130450061
-5.623255322456794,-10.329417327982142
-6.869004582161704,-10.422864082999878
-7.897765757665734,-10.2945091491878
-9.586433029530502,-10.770030216332438
-9.896518605118183,-10.098964369114666
-11.729794916425552,-10.65052469497539
-12.788992509069725,-10.629338102664795
-14.22099586788129,-10.816467447530693
-15.400949178715065,-10.846602000845943
-16.471072839188707,-10.820594359604485
-17.86849131404411,-10.963353275551682
-18.678929192924283,-10.881330334139555
-19.136463247328084,-10.693319246453795
-21.949398600588534,-11.17704227505653
-22.936053492532565,-11.16615670822284
-25.160589688966386,-11.183933604881576
-22.42607462265652,8.402424138382484
-27.25768633234236,8.662386133564112
-28.097138996350836,8.65578145847055
-29.066671670385116,8.656339713319943
-31.38660068586971,8.238987678048776
-31.278959052200207,8.641951242064522
-33.18802683322526,8.310845351347721
-34.47264080096452,8.197910648475839
-35.19397370956402,8.400453716597044
-36.83853843330569,8.074658039019765
-37.49880031579579,8.359392573679791
-39.03647840860789,8.07762233894722
-40.237518136225376,8.036755525756702
-41.39891469103565,7.993690497208394
-42.59456668411332,7.943284762206324
-43.833133783818575,7.866476853943075
-45.03329086802625,7.776178000218512
-46.16599431721129,7.781618091131207
-47.38507881174399,7.715841586288272
-48.560225221576246,7.710868953056674
-49.78805621092629,7.599491639293976
-50.89911516150755,7.639286386090132
-52.23418814138827,7.360864452563523
-53.35666590926628,7.446612693568617
-54.59280539105633,7.334777521884231
-55.80954311392864,7.249336579456182
-56.983994196047306,7.233918645059145
-58.19093308643814,7.188925334825908
-59.333075389605824,7.223986231718279
-60.59251133913153,7.052356391540799
-61.8277245474434,6.938883109813996
-63.00140117462452,6.965613177125497
-64.19988449125691,6.92079370087515
-65.35639006821458,6.897314722295064
-66.60735970709247,6.762632680277547
-67.80154583788676,6.713108472733765
-68.99415015880886,6.655916843801501
-70.15125484934912,6.647516077327496
-71.9093786566623,6.458107609720467
-72.45044592128677,6.581243029287202
-73.10308863288195,6.431548349861073
-74.28558249134147,6.424644467060828
-74.86303786343157,6.43966778825026
-77.28843505057594,6.279803020865894
-77.88958252326613,6.270501833607978
-79.09747304022468,6.192126287952942
-80.3060925351663,6.148127182145858
-80.89377585291047,6.132857897476584
-82.71938019114626,5.992788989148562
-83.331705095071,5.9462518426892474
-85.1153824595995,5.893072333646227
-86.30496839230503,5.852795871073972
-87.52520175263508,5.741800648476764
-88.72176365979313,5.709166365601944
-89.92130335963988,5.626149402262082
-91.11473722455031,5.581142603895153
-92.33270351291105,5.531519679886434
-93.55247274355224,5.433847453035821
-94.73293673070583,5.397290714445529
-95.95390724964109,5.353143944190354
-97.13737923790484,5.2822427376540935
-98.35098875694761,5.2056741699967874
-99.56191977104986,5.158858310251452
-100.7548987184355,5.104248185972725
-101.95926515980592,5.059788494159978
-103.19088381955939,4.992140062660428
-104.38159179427153,4.931911496101388
-105.56933507224373,4.879654704678882
-106.78487472943155,4.79061371942406
-108.00300802684825,4.763453109974698
-109.2094230748194,4.709328302064866
-110.40506483919293,4.6396936971381715
-111.61380513413717,4.595653855197875
-112.81955806510405,4.493763660565417
-114.02125002276888,4.438731324806284
-115.23102459902721,4.384563142151072
-116.43121634863975,4.3177315877502185
-118.24703957749986,4.247844650424385
-118.83818303440809,4.222216894020811
-119.44020871367356,4.20320805215393
-120.0496852039106,4.163064944542832
-120.65840374327084,4.1169210876001285
-123.05995239199272,4.037742789297512
-123.67148662362594,3.974140408577904
-124.85696809346088,3.9491501544857597
-126.08477354547664,3.851746216276317
-126.67867602743553,3.8385060980422856
-128.48505629481753,3.7440419632116937
-129.084207208134,3.7134444005322593
-130.90143778443468,3.6105073998055053
-132.0808237642058,3.6053660462231623
-133.29416649393082,3.5134546691663475
-134.50962673947882,3.4478489172734794
-135.71436619622003,3.3848363051876986
-136.91825620409543,3.3309160231491126
-138.1218070251095,3.2760146552164713
-139.3406298767326,3.203774287348922
-140.52464025044782,3.1619744500276123
-141.74738475448564,3.080322382372582
-142.9357159781372,3.0374215765759285
-144.13654523700785,2.9873168199122144
-145.3481828308089,2.92387820690626
-146.55836249710205,2.870080023357942
-147.7603012175278,2.8094728262916697
-148.964985649833,2.7451115239656407
-150.1694355049972,2.673686848259676
-151.3538130199064,2.624570949009174
-152.56472268220386,2.5613423180489017
-153.78405613479333,2.472834114771076
-154.98134318997228,2.4452219652303824
-156.1826342545737,2.3890055170679307
-157.38519183333145,2.331612993566191
-158.5937300041009,2.262263568156976
-159.7749825026125,2.21616052029376
-160.98017998398444,2.137053827687245
-162.17713283908753,2.0801393641743373
-163.97206002741027,2.002394446612512
-164.58737909931972,1.952312843003846
-165.18016001120046,1.934131097981552
-165.7887194076547,1.903697436651307
-166.37613855188485,1.8857518495012866
-168.79131729471177,1.7466577607693738
-169.38898680984482,1.722825041426717
-170.58317491542573,1.665294138615019
-172.38243524010247,1.5848056299860243
-172.99115796871567,1.5451931469827773
-174.18678749734818,1.4856006868340375
-174.79533498394886,1.4615778619684894
-177.16561404580426,1.3398364390878927
-177.7839701872269,1.2933355490958298
-179.5776570324661,1.2157350717810216
-180.7876631861196,1.1617235508888508
-181.9967021139055,1.0744485544899527
-183.22028293943083,1.0349347003660745
-184.3977299104553,0.9907609650031695
-185.61549059276047,0.915973172861188
-186.7996036103586,0.8575218071927277
-188.0193662870726,0.8080824758293879
-189.21283081517055,0.728636004036681
-190.4160083091858,0.6854462668099277
-191.62685091314557,0.6229976807532969
-192.85263036648138,0.5630795952535088
-194.0634192673141,0.5020031844042141
-195.24672457198767,0.4560457810710723
-196.4640356389734,0.40593692932270087
-197.0830732280582,0.3540734496697145
-198.29267944770118,0.3098667601995305
-199.50579519491666,0.2651086461411339
-200.71704457517401,0.18600315620030555
-201.9278207708771,0.11173100866977714
-203.13337419504208,0.08754755250384422
-204.34807555305923,-0.0011180962850950715
-205.54220694263458,-0.007751842494136352
-206.7553451577511,-0.08719099205011549
-207.98299002530052,-0.17033598203830758
-209.79974622745766,-0.2160109264091899
-210.40531191771322,-0.2586955293771578
-211.02003172651993,-0.293013781588402
-211.61810619635116,-0.33030911654329476
-212.21929400271176,-0.3465940838724471
-214.63019407562518,-0.4526601706987796
-215.24427782497057,-0.5215916261418045
-216.4420795800609,-0.5619816679796257
-218.25517952952714,-0.6412802803891571
-218.84092216003387,-0.6671828712628319
-220.04807008851745,-0.7320426458556537
-220.672105018906,-0.7801638233678652
-223.0765547762302,-0.9076038475452706
-223.65786393446626,-0.8786392854449183
-225.4736359167138,-0.9780866252246465
-226.67419753360792,-1.0675459734048816
-227.87520699481595,-1.108914052398858
-229.0814492078934,-1.175318727289685
-230.28869705434158,-1.2280972530142207
-231.48985646181106,-1.301395839500347
-232.6819273854983,-1.3460176800741335
-233.88564598562607,-1.401860756023641
-235.0976145659849,-1.474735814809363
-236.29819050655613,-1.5092577512049616
-237.51477269560195,-1.5731916877855154
-238.70880251951974,-1.6227254605443702
-239.89982938991935,-1.690515175233413
-241.10422213729694,-1.7516138364554956
-242.30218252775728,-1.8100543512891953
-242.90647116591765,-1.834562207872299
-244.11856193388033,-1.9158105018502032
-245.31806690695737,-1.94107571677621
-246.51724285708266,-1.998131216421454
-247.72716637732913,-2.073658153402036
-248.9295765679613,-2.1312007755010463
-250.15202384622492,-2.208798696713245
-251.33359785625865,-2.2438709177924197
-252.53606979119465,-2.3044171094951844
-253.7317391676441,-2.3505067670190463
-255.53552394783696,-2.440094472685195
-256.1476473681538,-2.4832831187114124
-257.3331573332514,-2.5219387986088164
-257.95594057369584,-2.5674495269473354
-258.54080636954984,-2.610517195522696
-260.95456298571906,-2.7023364666772443
-261.54759243040246,-2.747067111131994
-262.7502694517719,-2.8068878296975064
-264.56133884335117,-2.895265743150839
-265.1693871078659,-2.9137904026045893
-266.35978101500257,-2.9759630746284342
-266.95978284859046,-2.9905839047930804
-269.3670810150596,-3.1251154784170074
-269.9604251984599,-3.133555590409425
-271.76307449584397,-3.2238582261779674
-272.96501435741953,-3.2900238482200472
-274.1653806594498,-3.329774400109522
-275.3828600973088,-3.4015226939958763
-276.570241971056,-3.448986921856127
-277.7711648059546,-3.506297179119298
-278.98137543376464,-3.5714914929767794
-280.1873235231303,-3.6365258882358553
-281.37107619536243,-3.6911726764498316
-282.5735799056351,-3.7442913139206966
-283.79165060007847,-3.7969079864860324
-284.9849206728047,-3.8558536249820827
-286.19567308437706,-3.9253752240057493
-287.38144968021436,-3.972538049775016
-288.58555281751615,-4.039569374434826
-289.17892916465377,-4.052720775845675
-290.3805183191305,-4.113270144812991
-291.5747896004814,-4.180487363163426
-292.76972224961617,-4.225441242121171
-293.9517583655074,-4.286147614514878
-295.1567643777819,-4.339493636534665
-296.3581437135642,-4.411724999649826
-297.5496855989261,-4.461187856662422
-298.76724179232787,-4.521460898107463
-299.967315224852,-4.580399312733945
-301.7588834916923,-4.6455319148250025
-302.36309278955855,-4.692562935629227
-303.56137685752384,-4.766627011422002
-304.17166283992543,-4.777827557672482
-304.7654601201455,-4.8146378182846
-307.17121250875243,-4.932392217448455
-307.7593082242962,-4.949298214021313
-308.9624872072692,-5.016460855976103
-310.7549019453575,-5.10588266588379
-311.35975170755455,-5.1320066179016255
-312.55851917775203,-5.1881976599136355
-313.16493283361666,-5.215768027152642
-315.5760521205175,-5.342650028659822
-316.1771651203722,-5.364069017654862
-317.98328053573437,-5.456035714581289
-319.1703745283486,-5.502999181346574
-320.38347101708155,-5.552401336081257
-321.5833034979198,-5.620980382216889
-322.7898664725288,-5.677204724545587
-323.965531790232,-5.7332095374152665
-325.18400220481146,-5.81341988979058
-326.3802958333762,-5.8615688203828356
-327.58796140446657,-5.923779892076366
-328.7822450481526,-5.971512141475197
-329.972062707728,-6.016816963212072
-331.1842346414731,-6.095825829324221
-332.3761121922203,-6.155508191610448
-333.58248978040945,-6.202219153923069
-334.77028085473455,-6.255033274632049
-335.3640571493374,-6.292660875780749
-336.5456052084076,-6.33102524035821
-337.746188063059,-6.39336514951816
-338.9542014945396,-6.469848734670234
-340.1412911483967,-6.518258467381135
-341.3313580757968,-6.54713334317135
-342.5233714197555,-6.632275251553946
-343.70905507244106,-6.665967741865254
-344.9215166146092,-6.734583066683576
-346.11458149037367,-6.784410750919073
-347.8956062659126,-6.883426533216525
-348.5015936139985,-6.912520752672679
-349.6996025566985,-6.975877720068855
-350.30756154189663,-7.020763235965038
-350.8756060898728,-7.030352920289841
-353.2919113115832,-7.149813586126666
-353.88454558624557,-7.1785710142849855
-355.0768010521206,-7.2238110739806904
-356.8738241449277,-7.3202573577692345
-357.47875004006886,-7.362185387316706
-358.6726401376428,-7.400908841089778
-359.28187486422934,-7.442833005297302
-361.67882328371076,-7.538680783542516
-362.2901062615367,-7.582471829784021
-364.0687317588793,-7.644463985697105
-365.2579077654496,-7.716513839555978
-366.4530478151421,-7.7773033532127585
-367.64801058001404,-7.837739337116374
-368.8598996315205,-7.89316286489004
-370.03962874172777,-7.939470925341775
-371.2417498403664,-7.998763912348202
-372.44618704517603,-8.057797708354986
-373.6554240533267,-8.130188790848578
-374.8481617888749,-8.174547876787345
-376.0505418679595,-8.251786957265006
-377.2387048256467,-8.269787890990202
-378.4403285829867,-8.347191905580866
-379.6518456596441,-8.406948496285978
-380.8402664487721,-8.452730767729536
-381.4514839482459,-8.488974914902487
-382.639336644221,-8.535426380271584
-383.852323348576,-8.597745068894099
-385.0465613678161,-8.636312751558616
-386.2447123497617,-8.711477205261213
-387.45410832079136,-8.762650088990467
-388.66112088221985,-8.826543414990132
-389.84920350678516,-8.88318656293131
-391.0368554778309,-8.939278743217361
-392.24746537207574,-8.98802642155522
-394.04956188661237,-9.096361902894623
-394.6388728954716,-9.081701266004202
-395.8578565241291,-9.139078142226413
-396.4521312965346,-9.18635748360446
-397.0525984954408,-9.21332718822122
-399.4730940625021,-9.3355963063613
-400.0541751995152,-9.34641017530295
-401.2579230682269,-9.418420196052962
-403.077649978095,-9.491686818753646
