location_x,location_y
0.0,0.0
-0.0024718773,-0.023415962
0.013612305,-0.070421517
0.024895258,-0.11869404
0.054707579,-0.2235335
0.076896042,-0.29530883
0.11023163,-0.4029676
0.15134829,-0.53716731
0.19245191,-0.66711485
0.23901108,-0.81329983
0.29882589,-0.99832308
0.34903964,-1.1543013
0.40149775,-1.3201127
0.4730722,-1.5603021
0.5235076,-1.716742
0.58599848,-1.9224703
0.64964503,-2.12712
0.69954234,-2.2917094
0.76367414,-2.4807289
0.81846821,-2.6523645
0.89304572,-2.8772328
0.95152134,-3.0516863
1.0135088,-3.2376812
1.0789744,-3.4333289
1.1291629,-3.5847225
1.2077645,-3.819458
1.2663509,-3.9841173
1.3203825,-4.1464658
1.3913529,-4.3464389
1.4474406,-4.5203075
1.5094134,-4.6983385
1.5863521,-4.9232597
1.6596839,-5.1204438
1.7844301,-5.4707284
1.8469338,-5.6470947
1.9043816,-5.8083663
1.9784039,-6.0135522
2.0360122,-6.1759777
2.1086535,-6.3831172
2.166497,-6.5399094
2.2251186,-6.7490959
2.2545156,-6.9163136
2.2650893,-7.1212673
2.2749975,-7.3036304
2.2857592,-7.5165701
2.2857592,-7.5165701
2.3002245,-7.7687917
2.3162637,-7.9963698
2.3286026,-8.207449
2.3422945,-8.3740129
2.3545885,-8.5561314
2.3657715,-8.756485
2.3802452,-8.9734392
2.3920097,-9.1389313
2.4040568,-9.3370695
2.4172978,-9.5247393
2.428616,-9.7068129
2.4419875,-9.9050255
2.4552319,-10.083935
2.4677036,-10.285159
2.4822607,-10.492825
2.4963331,-10.681134
2.5107038,-10.888356
2.5255837,-11.096277
2.538018,-11.27296
2.5514979,-11.437954
2.5665216,-11.64108
2.5804558,-11.832594
2.5962739,-12.051042
2.6061649,-12.220169
2.620044,-12.40127
2.632947,-12.610842
2.647172,-12.811155
2.6583374,-13.005253
2.6719725,-13.197852
2.6858194,-13.386797
2.6979411,-13.555015
2.7121532,-13.767352
2.7261508,-13.973259
2.7391095,-14.15544
2.7522218,-14.333581
2.7641971,-14.525633
2.77702,-14.727127
2.7911553,-14.923168
2.8029554,-15.105634
2.8172507,-15.314746
2.8316011,-15.49992
2.8425491,-15.671545
2.8569891,-15.871912
2.8708029,-16.090223
2.8827846,-16.270294
2.8979084,-16.47599
2.9104989,-16.660732
2.9231501,-16.848585
2.9376276,-17.046535
2.9504108,-17.240726
2.9625111,-17.425318
2.9748125,-17.608028
2.9869254,-17.820824
2.9992054,-18.012991
3.0153842,-18.245447
3.0244515,-18.401115
3.0365252,-18.594727
3.0557086,-18.822771
3.0673192,-18.978952
3.0787954,-19.172739
3.0906863,-19.354099
3.1033726,-19.564594
3.1162441,-19.745508
3.1305964,-19.970787
3.1412847,-20.143356
3.1530635,-20.340143
3.1675806,-20.54693
3.1804917,-20.721756
3.1921749,-20.9132
3.2025323,-21.119356
3.2159777,-21.311823
3.2271602,-21.511675
3.2381885,-21.689213
3.251797,-21.876648
3.2630517,-22.078817
3.2800126,-22.322996
3.2915673,-22.496185
3.3052161,-22.691683
3.3160305,-22.865211
3.3264804,-23.051983
3.3407748,-23.25391
3.3538308,-23.426474
3.3649857,-23.640614
3.3796926,-23.847019
3.3928087,-24.040131
3.4024615,-24.211655
3.4193642,-24.441395
3.4323635,-24.615675
3.4431179,-24.803087
3.4555087,-25.001202
3.4704762,-25.200493
3.4826586,-25.39517
3.4966567,-25.604044
3.5098071,-25.798664
3.5207016,-25.985308
3.5314777,-26.169693
3.5430608,-26.368721
3.5567224,-26.59005
3.5689688,-26.762413
3.5774238,-26.93327
3.5913742,-27.164621
3.6032739,-27.335798
3.6167004,-27.528965
3.6303837,-27.727602
3.6429412,-27.923836
3.6561534,-28.122517
3.6688917,-28.299463
3.6789312,-28.485054
3.69291,-28.703049
3.7084525,-28.886068
3.7185445,-29.085289
3.7345734,-29.282085
3.7498453,-29.481346
3.7617867,-29.674582
3.7761207,-29.870934
3.7898886,-30.064209
3.803175,-30.248037
3.815882,-30.457907
3.8300481,-30.645172
3.8432584,-30.84236
3.8562968,-31.035307
3.8695114,-31.233717
3.8812129,-31.413429
3.8970575,-31.629122
3.9064419,-31.781057
3.9211268,-32.002785
3.9310188,-32.189373
3.9440641,-32.377327
3.9621432,-32.594803
3.9719574,-32.753616
3.9871471,-32.974693
3.998265,-33.148083
4.0139165,-33.355724
4.0275397,-33.551334
4.0402803,-33.747807
4.0539017,-33.939739
4.0668011,-34.150242
4.0774951,-34.326614
4.0914397,-34.508945
4.105547,-34.742561
4.1196089,-34.942757
4.1293736,-35.103607
4.1434226,-35.299057
4.1566825,-35.506557
4.1665277,-35.682484
4.1823163,-35.926628
4.1926398,-36.078384
4.2057133,-36.281498
4.2184243,-36.479263
4.2336245,-36.674355
4.2493567,-36.882481
4.2631435,-37.090004
4.2741632,-37.253979
4.2892919,-37.458637
4.3033872,-37.656616
4.3176727,-37.847836
4.3309083,-38.051437
4.3452449,-38.27676
4.3566837,-38.454456
4.3707194,-38.664635
4.3830805,-38.826656
4.394403,-39.016266
4.4109845,-39.228119
4.4228005,-39.407257
4.4370875,-39.627808
4.4530854,-39.845722
4.4654298,-40.016769
4.4788814,-40.19875
4.493041,-40.400204
4.5073147,-40.617199
4.5218501,-40.813076
4.5317917,-40.984264
4.5451097,-41.19614
4.5586877,-41.388779
4.5741801,-41.590778
4.5872655,-41.779396
4.6011796,-41.954693
4.6174002,-42.173576
4.6305947,-42.355797
4.6440091,-42.564869
4.6575985,-42.736492
4.669868,-42.941368
4.6832967,-43.118717
4.6992192,-43.346756
4.7087831,-43.505466
4.7242465,-43.725452
4.7372713,-43.91296
4.7520056,-44.106476
4.7673655,-44.314941
4.7821274,-44.504707
4.7941513,-44.693386
4.8075047,-44.903687
4.8214288,-45.090168
4.8327618,-45.279739
4.848351,-45.499535
4.8621945,-45.687256
4.8764968,-45.871586
4.8884969,-46.056126
4.906311,-46.280556
4.9156895,-46.444675
4.9326744,-46.664436
4.9452109,-46.868031
4.959084,-47.050812
4.9706078,-47.23785
4.9846015,-47.432133
5.00033,-47.644428
5.0136719,-47.844437
5.0280404,-48.04052
5.0413165,-48.242805
5.053484,-48.431118
5.0681524,-48.638306
5.0814857,-48.824738
5.0939422,-49.027916
5.1140366,-49.255081
5.1256223,-49.465584
5.1379333,-49.643929
5.1552916,-49.863838
5.1705217,-50.066296
5.1847048,-50.251453
5.1969318,-50.460365
5.2118726,-50.659725
5.2249908,-50.863106
5.2382731,-51.049019
5.2500715,-51.244648
5.2632551,-51.437157
5.2765169,-51.637497
5.289185,-51.820148
5.303823,-52.023876
5.3206468,-52.255684
5.3315458,-52.442215
5.3467712,-52.635235
5.3612347,-52.831459
5.3724351,-53.023201
5.3873038,-53.201302
5.4022708,-53.425644
5.4150119,-53.611137
5.4294639,-53.810257
5.4433179,-53.999672
5.455008,-54.17868
5.4732938,-54.400082
5.486835,-54.604439
5.5006695,-54.80265
5.5143881,-55.000546
5.5277405,-55.199883
5.5404344,-55.387619
5.5537009,-55.558945
5.5693846,-55.786484
5.5836277,-55.974678
5.597466,-56.17411
5.6105409,-56.336285
5.625042,-56.572063
5.6374269,-56.745342
5.6522985,-56.956898
5.6637106,-57.148373
5.681118,-57.36348
5.6930876,-57.561741
5.711472,-57.788754
5.7220626,-57.930637
5.7360439,-58.148853
5.7491651,-58.342194
5.7624774,-58.535076
5.7743897,-58.730736
5.7899666,-58.938812
5.8057227,-59.134583
5.8229108,-59.331711
5.837862,-59.518162
5.8528695,-59.72842
5.865756,-59.910763
5.8776202,-60.106758
5.8880563,-60.299442
5.9023113,-60.492496
5.9156647,-60.70013
5.9304085,-60.895069
5.9461927,-61.086834
5.9562554,-61.292065
5.9691997,-61.483959
5.9841757,-61.683762
5.9965925,-61.878372
6.0122313,-62.08987
6.0234613,-62.269791
6.0367765,-62.459255
6.0509148,-62.673386
6.0656662,-62.887016
6.077673,-63.067039
6.0916777,-63.270271
6.1062107,-63.462715
6.119348,-63.676586
6.1311207,-63.853298
6.1472192,-64.064331
6.1612248,-64.251472
6.1742167,-64.434563
6.1879907,-64.645683
6.2022128,-64.833138
6.2149682,-65.037621
6.2321515,-65.249115
6.2455068,-65.438751
6.2588487,-65.60733
6.2733321,-65.823273
6.2893472,-66.028519
6.3010187,-66.205872
6.3140011,-66.41246
6.3271751,-66.621643
6.3400569,-66.795128
6.3561764,-67.022293
6.3719697,-67.229111
6.3829756,-67.408119
6.3998084,-67.593338
6.4155884,-67.806931
6.4254217,-67.974457
6.4419618,-68.195091
6.4570127,-68.401772
6.467885,-68.584534
6.4815035,-68.771355
6.4942331,-68.982002
6.5089087,-69.16909
6.522665,-69.372749
6.5366654,-69.568474
6.5505891,-69.772186
6.5671349,-69.970963
6.579227,-70.15136
6.5946579,-70.367447
6.6080947,-70.564102
6.6199212,-70.741386
6.6327643,-70.961494
6.6489878,-71.149071
6.6631074,-71.340851
6.6797972,-71.55632
6.692503,-71.762001
6.7050724,-71.915054
6.7214007,-72.163147
6.7385192,-72.367531
6.7531395,-72.563042
6.7643394,-72.729294
6.779531,-72.931961
6.7939363,-73.150291
6.8048134,-73.315193
6.819149,-73.518425
6.8342505,-73.735207
6.8503137,-73.921806
6.8608799,-74.10025
6.8782001,-74.306198
6.8928304,-74.528839
6.9029102,-74.696754
6.9187584,-74.934227
6.9308019,-75.106766
6.9467721,-75.315453
6.9618044,-75.520203
6.9747086,-75.701073
6.9873219,-75.895096
7.0015993,-76.101349
7.0162239,-76.310783
7.0285444,-76.505051
7.0427852,-76.694565
7.0564523,-76.912918
7.0695281,-77.109825
7.0818181,-77.282715
7.0975761,-77.485558
7.1107459,-77.692955
7.121521,-77.85939
7.1357818,-78.066673
7.1491795,-78.270294
7.1603498,-78.472237
7.1773052,-78.668907
7.1880946,-78.857033
7.2024751,-79.059067
7.2131419,-79.250038
7.2289224,-79.461624
7.2408996,-79.636078
7.2544117,-79.83783
7.269269,-80.032852
7.2805729,-80.224174
7.295753,-80.439926
7.3089719,-80.638885
7.3200312,-80.827919
7.3331184,-81.01387
7.346117,-81.2201
7.3577361,-81.408516
7.3698955,-81.610405
7.3854194,-81.81633
7.3973622,-81.981712
7.4140253,-82.220139
7.4242191,-82.413277
7.4370284,-82.603477
7.4514327,-82.807022
7.4621558,-82.997391
7.4761224,-83.19902
7.4894667,-83.386627
7.5053687,-83.579803
7.5192776,-83.788788
7.5362611,-84.022461
7.5476012,-84.16758
7.5609946,-84.380455
7.5725465,-84.577332
7.58464,-84.760292
7.5987449,-84.976089
7.6113634,-85.157654
7.6252751,-85.356911
7.6387706,-85.573257
7.6515698,-85.778366
7.6676269,-85.96431
7.6781583,-86.159409
7.6921091,-86.354935
7.7053466,-86.557236
7.7197499,-86.7696
7.7347779,-86.962631
7.7475438,-87.162102
7.7586231,-87.349831
7.7723346,-87.574608
7.7830896,-87.744553
7.7982402,-87.951385
7.8094168,-88.133659
7.825037,-88.37442
7.835741,-88.546791
7.8507719,-88.745575
7.865274,-88.940796
7.8789444,-89.157974
7.8897629,-89.325211
7.9055414,-89.55291
7.9183946,-89.74913
7.9303708,-89.926071
7.9444003,-90.116425
7.958437,-90.351166
7.9719048,-90.534256
7.9861722,-90.718704
7.9977388,-90.916443
8.0142651,-91.119843
8.0240049,-91.331001
8.0399981,-91.519218
8.0513277,-91.689163
8.0683928,-91.911591
8.0794744,-92.111099
8.0927896,-92.292397
8.1071749,-92.496323
8.1204853,-92.704308
8.1343756,-92.915649
8.1525087,-93.120613
8.1660757,-93.291588
8.1810055,-93.478668
8.1946144,-93.701118
8.205986,-93.866653
8.2182837,-94.049583
8.2312727,-94.265816
8.2446814,-94.449127
8.2609491,-94.686165
8.2730665,-94.859955
8.2866497,-95.062576
8.29632,-95.248497
8.3081503,-95.43428
8.3268137,-95.641472
8.3367634,-95.84478
8.3519535,-96.037994
8.3635006,-96.221596
8.3784723,-96.45211
8.394537,-96.656876
8.4049854,-96.839302
8.4171648,-97.021782
8.431201,-97.218147
8.4446478,-97.413383
8.4595366,-97.614525
8.470109,-97.807159
8.486125,-97.999496
8.4997206,-98.201157
8.5099955,-98.374237
8.5254936,-98.599327
8.536706,-98.787514
8.5511875,-98.996811
8.566967,-99.193649
8.578599,-99.396042
8.5910378,-99.585808
8.6062536,-99.788849
8.6186028,-99.982613
8.632473,-100.15466
8.6488428,-100.38081
8.6591558,-100.56879
8.674264,-100.76765
8.6914721,-100.98461
8.7071238,-101.20147
8.7201214,-101.3914
8.7365618,-101.62874
8.7474298,-101.76971
8.7626381,-101.96265
8.7751637,-102.17042
8.7874842,-102.37592
8.801137,-102.56532
8.8128223,-102.75604
8.8242245,-102.97099
8.8366604,-103.15221
8.8538275,-103.37885
8.8665781,-103.5727
8.879427,-103.76741
8.894558,-103.96487
8.9079647,-104.16185
8.9216251,-104.34973
8.9334631,-104.54026
8.9495001,-104.77672
8.9632683,-104.96581
8.9773874,-105.15139
8.9904566,-105.3443
9.0041142,-105.53693
9.0183525,-105.719
9.0344172,-105.94176
9.0490675,-106.1582
9.0624113,-106.35384
9.0731096,-106.51703
9.0873947,-106.72243
9.0991831,-106.92279
9.1121216,-107.11783
9.1280107,-107.30328
9.1445045,-107.5173
9.1602306,-107.73463
9.1719694,-107.91637
9.185297,-108.08494
9.2012196,-108.29357
9.2112789,-108.50053
9.2193518,-108.68903
9.225378,-108.8893
9.234127,-109.0945
9.2428265,-109.29024
9.2526703,-109.49155
9.2623978,-109.67761
9.2730827,-109.90983
9.2821922,-110.06509
9.2880087,-110.25144
9.2928476,-110.43951
9.3017063,-110.65631
9.3134851,-110.8658
9.320693,-111.0782
9.3321056,-111.2998
9.3384695,-111.46943
9.3446121,-111.68991
9.3531532,-111.85653
9.3606844,-112.07417
9.3715963,-112.27145
9.3804245,-112.47194
9.3865452,-112.64211
9.395256,-112.87892
9.4033232,-113.06528
9.4127607,-113.26035
9.4181595,-113.46146
9.4263945,-113.66125
9.4351273,-113.86304
9.4425564,-114.03729
9.4494867,-114.26666
9.4587488,-114.43297
9.4677963,-114.64816
9.476655,-114.83707
9.4843397,-115.03907
9.4935341,-115.23
9.5002089,-115.43079
9.5096989,-115.62514
9.5188818,-115.80951
9.524272,-116.01148
9.5340252,-116.23312
9.5411243,-116.39659
9.5515823,-116.63324
9.5600796,-116.81541
9.5654659,-116.98692
9.5750017,-117.20236
9.5808601,-117.38122
9.5905294,-117.6063
9.5975523,-117.79247
9.6045876,-117.98413
9.613699,-118.17888
9.6230898,-118.40733
9.6313715,-118.59814
9.6379709,-118.76608
9.6458597,-118.95925
9.6573601,-119.1926
9.6642103,-119.38294
9.6703787,-119.57555
9.6800385,-119.78608
9.686182,-119.98071
9.6954889,-120.17823
9.7031975,-120.3933
9.7099228,-120.5498
9.7201719,-120.78285
9.7269678,-120.96603
9.7355251,-121.15892
9.7461281,-121.36835
9.75455,-121.5414
9.7635775,-121.7555
9.7723379,-121.95711
9.7799988,-122.14879
9.7887554,-122.35111
9.7967625,-122.55025
9.806921,-122.74858
9.815197,-122.94385
9.8251801,-123.14687
9.8347359,-123.32729
9.8416357,-123.5125
9.8519297,-123.74465
9.8622751,-123.93503
9.8710814,-124.13238
9.8794432,-124.34354
9.8857412,-124.52763
9.896122,-124.73054
9.9016218,-124.9211
9.9109449,-125.1344
9.9202642,-125.33411
9.9254093,-125.49696
9.9353409,-125.72532
9.9444323,-125.92458
9.9522314,-126.12575
9.9587164,-126.29327
9.9697266,-126.52313
9.9771061,-126.69859
9.987051,-126.9392
9.9947767,-127.08086
10.004529,-127.29889
10.013837,-127.51936
10.020745,-127.71312
10.026951,-127.89392
10.03662,-128.08997
10.042489,-128.30466
10.052615,-128.51251
10.058476,-128.68921
10.066661,-128.87541
10.077652,-129.08873
10.084785,-129.27376
10.096108,-129.49646
10.105312,-129.7225
10.110002,-129.89331
10.121723,-130.09987
10.12876,-130.28961
10.139213,-130.50214
10.145985,-130.69183
10.15077,-130.8756
10.159015,-131.07784
10.169163,-131.29585
10.1747,-131.46172
10.180967,-131.6608
10.189642,-131.84392
10.197754,-132.05687
10.204069,-132.24533
10.213723,-132.47148
10.22048,-132.65677
10.225617,-132.84062
10.235827,-133.05437
10.242684,-133.22156
10.251757,-133.4346
10.25965,-133.63138
10.267555,-133.83441
10.276855,-134.04134
10.287924,-134.23019
10.295308,-134.41762
10.3035,-134.64658
10.311593,-134.82803
10.318488,-135.04872
10.32659,-135.22849
10.335637,-135.42035
10.346663,-135.64102
10.353362,-135.80769
10.362575,-136.02695
10.368911,-136.2135
10.377159,-136.4126
10.387387,-136.61125
10.393328,-136.78894
10.399412,-136.93329
10.406284,-137.10417
10.416437,-137.27219
10.422709,-137.4315
10.434489,-137.6507
10.443888,-137.84787
10.452696,-138.0479
10.459572,-138.23982
10.468692,-138.46431
10.477126,-138.64653
10.488585,-138.84665
10.496307,-139.02931
10.507895,-139.2197
10.515735,-139.41728
10.522616,-139.62741
10.533842,-139.83405
10.541978,-140.0155
10.549704,-140.21507
10.561259,-140.41599
10.569213,-140.61371
10.576493,-140.80598
10.585662,-141.01888
10.59446,-141.21638
10.600379,-141.40102
10.609561,-141.61969
10.615577,-141.799
10.622662,-141.99745
10.631845,-142.19928
10.638522,-142.37456
10.648479,-142.59195
10.657743,-142.77525
10.664906,-142.99561
10.674513,-143.19888
10.685111,-143.39085
10.694993,-143.5928
10.703268,-143.79167
10.71187,-144.00574
10.722306,-144.23111
10.730536,-144.41771
10.739836,-144.61871
10.745842,-144.79436
10.755399,-145.00519
10.762259,-145.17876
10.771433,-145.3651
10.780966,-145.56519
10.788133,-145.77548
10.797448,-145.94753
10.80813,-146.13861
10.81708,-146.36009
10.824773,-146.57071
10.836437,-146.75342
10.843531,-146.94753
10.853351,-147.15169
10.860794,-147.35519
10.869248,-147.51968
10.878614,-147.73708
10.885875,-147.93166
10.896701,-148.12318
10.903389,-148.32167
10.913705,-148.51411
10.92036,-148.716
10.929852,-148.93161
10.938255,-149.12122
10.945357,-149.33084
10.952212,-149.51532
10.960189,-149.70108
10.968402,-149.93051
10.977106,-150.09662
10.984681,-150.29103
10.994039,-150.52115
10.999301,-150.69763
11.008619,-150.8998
11.018044,-151.10764
11.024986,-151.29756
11.033183,-151.50798
11.043126,-151.71021
11.051826,-151.89175
11.058605,-152.09969
11.068023,-152.29262
11.076037,-152.49286
11.083423,-152.68567
11.090568,-152.89815
11.101462,-153.07777
11.108351,-153.28444
11.117073,-153.47098
11.127217,-153.68732
11.133669,-153.87657
11.141507,-154.07722
11.147782,-154.26947
11.156013,-154.46471
11.16277,-154.65395
11.171885,-154.88741
11.182829,-155.08627
11.185712,-155.23805
11.195482,-155.47063
11.20428,-155.6727
11.210783,-155.86839
11.221662,-156.0681
11.229603,-156.2487
11.237577,-156.47946
11.245968,-156.65379
11.253461,-156.83504
11.262804,-157.07062
11.268599,-157.23396
11.275906,-157.43329
11.287632,-157.63651
11.297057,-157.83743
11.306813,-158.0329
11.314288,-158.22133
11.321158,-158.4386
11.325843,-158.63756
11.333243,-158.82704
11.34365,-159.01927
11.353547,-159.21388
11.36214,-159.42657
11.371073,-159.59644
11.37791,-159.78963
11.387372,-159.98105
11.397125,-160.20096
11.406872,-160.41048
11.414724,-160.59267
11.422437,-160.78856
11.431979,-160.97543
11.441957,-161.2014
11.448857,-161.35799
11.458314,-161.57181
11.467074,-161.79477
11.47412,-161.96761
11.482247,-162.19618
11.487197,-162.34782
11.497874,-162.56601
11.506148,-162.76366
11.513965,-162.96315
11.520701,-163.16061
11.526164,-163.33287
11.536186,-163.5733
11.543059,-163.76872
11.54952,-163.93288
11.557617,-164.14268
11.56354,-164.33046
11.573704,-164.55644
11.581848,-164.74042
11.588393,-164.90857
11.597989,-165.10312
11.605098,-165.3252
11.61454,-165.50845
11.622234,-165.72714
11.628784,-165.91147
11.63731,-166.12891
11.648622,-166.30925
11.655146,-166.51295
11.663539,-166.70703
11.669345,-166.89355
11.67964,-167.10878
11.686924,-167.32431
11.697647,-167.51089
11.706517,-167.70976
11.713974,-167.88202
11.72375,-168.09756
11.73383,-168.2765
11.744031,-168.48792
11.75045,-168.70052
11.759715,-168.9048
11.768917,-169.07468
11.776188,-169.30168
11.787596,-169.48332
11.795982,-169.68727
11.804287,-169.87485
11.812157,-170.08308
11.82077,-170.29704
11.827571,-170.48251
11.838367,-170.67708
11.848345,-170.88324
11.859691,-171.09859
11.86698,-171.26285
11.874475,-171.48216
11.883582,-171.68297
11.889734,-171.85941
11.897647,-172.04802
11.905109,-172.26311
11.910013,-172.46974
11.917794,-172.68138
11.924691,-172.86324
11.93506,-173.04704
11.941352,-173.24623
11.949832,-173.42749
11.960842,-173.64128
11.968584,-173.83589
11.979195,-174.01147
11.98617,-174.24457
11.99338,-174.42299
12.003044,-174.62999
12.011522,-174.82472
12.02113,-175.03625
12.025503,-175.20798
12.0356,-175.42351
12.044827,-175.67085
12.053051,-175.80962
12.063526,-176.033
12.069747,-176.21022
12.076962,-176.39105
12.085114,-176.60515
12.090608,-176.78993
12.100782,-177.0041
12.108684,-177.18462
12.118373,-177.39745
12.128272,-177.59402
12.138274,-177.78647
12.14493,-178.00279
12.147547,-178.17293
12.157114,-178.35097
12.161095,-178.55887
12.166249,-178.76968
12.175072,-178.96542
12.177284,-179.16599
12.181315,-179.36545
12.186864,-179.55319
12.194026,-179.75586
12.197838,-179.95007
12.204085,-180.1418
12.211218,-180.35402
12.219044,-180.55644
12.222859,-180.7321
12.230925,-180.92989
12.232739,-181.15558
12.239346,-181.32318
12.24562,-181.54556
12.253845,-181.72701
12.256929,-181.96838
12.264433,-182.19028
12.270176,-182.35283
12.273531,-182.54846
12.280634,-182.79417
12.284928,-182.96085
12.290833,-183.16997
12.295152,-183.37276
12.303398,-183.53485
12.307373,-183.70477
12.313143,-183.90475
12.319189,-184.12721
12.3253,-184.35089
12.332917,-184.53151
12.338439,-184.70755
12.342935,-184.8933
12.350683,-185.10689
12.354466,-185.28392
12.360414,-185.51456
12.364439,-185.6814
12.370284,-185.86638
12.374671,-186.07841
12.377638,-186.26712
12.384862,-186.47118
12.387736,-186.65984
12.391457,-186.87001
12.394972,-187.07104
12.398568,-187.26479
12.403671,-187.4623
12.408434,-187.664
12.415103,-187.86803
12.419799,-188.04311
12.422575,-188.24883
12.428173,-188.44205
12.437349,-188.64061
12.443962,-188.85893
12.451085,-189.05954
12.451928,-189.25716
12.459567,-189.42728
12.466254,-189.61896
12.471017,-189.85277
12.475495,-190.04498
12.480083,-190.2444
12.485306,-190.42757
12.49037,-190.63353
12.497217,-190.83295
12.507289,-191.06487
12.509494,-191.20947
12.51415,-191.41927
12.516499,-191.62596
12.522885,-191.81335
12.528195,-192.0132
12.536726,-192.25125
12.539756,-192.41159
12.542068,-192.59154
12.549281,-192.79723
12.555653,-192.97954
12.56004,-193.16774
12.566072,-193.39339
12.57355,-193.59749
12.581537,-193.78319
12.585449,-193.98384
12.59095,-194.17366
12.595717,-194.37668
12.602468,-194.5686
12.608004,-194.77003
12.614144,-194.95242
12.620102,-195.17256
12.622857,-195.36011
12.629675,-195.56264
12.634893,-195.76407
12.642031,-195.94202
12.646966,-196.15207
12.654792,-196.36421
12.660941,-196.51611
12.667713,-196.76262
12.672695,-196.93375
12.676837,-197.13226
12.680966,-197.30342
12.689061,-197.53949
12.693685,-197.71249
12.699205,-197.93806
12.703777,-198.13252
12.711125,-198.33107
12.715291,-198.50969
12.720499,-198.71916
12.726976,-198.91277
12.732175,-199.09236
12.736403,-199.31418
12.743998,-199.50526
12.746723,-199.69545
12.751594,-199.89178
12.756949,-200.10774
12.760839,-200.29747
12.76389,-200.48854
12.769711,-200.68649
12.777015,-200.87674
12.779902,-201.08556
12.790322,-201.28644
12.794918,-201.48175
12.800451,-201.65977
12.805681,-201.87184
12.812482,-202.08138
12.814263,-202.25137
12.819731,-202.46637
12.825327,-202.6606
12.829473,-202.8597
12.836873,-203.04709
12.845377,-203.2518
12.852367,-203.43463
12.857962,-203.63034
12.863708,-203.83664
12.871445,-204.04353
12.876305,-204.21828
12.883276,-204.42055
12.885637,-204.62148
12.890319,-204.81085
12.897052,-205.01079
12.904214,-205.20927
12.909853,-205.40933
12.916652,-205.62029
12.921143,-205.82034
12.926227,-205.9969
12.93067,-206.16719
12.935716,-206.37367
12.9431,-206.58315
12.947073,-206.7561
12.951355,-206.97664
12.958148,-207.14131
12.966446,-207.36568
12.970035,-207.55501
12.974718,-207.75362
12.979503,-207.9502
12.985701,-208.14963
12.990272,-208.32385
12.998385,-208.56039
13.002908,-208.73671
13.011778,-208.93797
13.017101,-209.1312
13.022837,-209.3483
13.030039,-209.54146
13.035408,-209.72337
13.042084,-209.89014
13.049252,-210.10332
13.056328,-210.3058
13.059002,-210.49779
13.063703,-210.69872
13.069613,-210.89294
13.073069,-211.08504
13.07693,-211.29082
13.083151,-211.47754
13.091161,-211.69977
13.096694,-211.86993
13.101905,-212.06998
13.106346,-212.31808
13.112233,-212.46487
13.115745,-212.67065
13.122023,-212.89796
13.127534,-213.0793
13.130476,-213.29971
13.135326,-213.47034
13.140672,-213.68077
13.148695,-213.88107
13.15237,-214.05275
13.161203,-214.27834
13.165732,-214.44994
13.170315,-214.66412
13.176398,-214.8613
13.1821,-215.06529
13.186337,-215.26044
13.191678,-215.45305
13.196513,-215.65399
13.200742,-215.82906
13.208703,-216.06969
13.213687,-216.23651
13.219097,-216.42433
13.223577,-216.60466
13.226309,-216.80074
13.234466,-217.02562
13.239044,-217.2003
13.245914,-217.38881
13.251215,-217.61084
13.256269,-217.79977
13.260804,-217.99144
13.266231,-218.18456
13.272175,-218.39169
13.277388,-218.59528
13.28153,-218.78113
13.286425,-218.99651
13.292574,-219.16383
13.295975,-219.38802
13.298923,-219.59096
13.303634,-219.76741
13.309684,-219.97205
13.314409,-220.15474
13.319739,-220.35521
13.324591,-220.56053
13.332235,-220.7728
13.336457,-220.9538
13.338958,-221.15617
13.343453,-221.37727
13.348598,-221.55661
13.354424,-221.73486
13.360061,-221.96812
13.364481,-222.16124
13.369904,-222.36282
13.375787,-222.56561
13.380513,-222.74945
13.384881,-222.95366
13.389411,-223.1321
13.393167,-223.32623
13.398947,-223.5489
13.403319,-223.76115
13.408278,-223.93787
13.414635,-224.12607
13.422766,-224.3152
13.427909,-224.50594
13.435503,-224.72142
13.439908,-224.91862
13.445375,-225.12675
13.45036,-225.34987
13.455434,-225.53046
13.460114,-225.74141
13.46456,-225.90446
13.46825,-226.11732
13.473997,-226.31676
13.476364,-226.49275
13.481662,-226.70441
13.488199,-226.90784
13.491452,-227.10135
13.495086,-227.31773
13.501919,-227.51369
13.506245,-227.6778
13.511851,-227.89891
13.516514,-228.08664
13.521881,-228.27466
13.526399,-228.48427
13.532941,-228.69945
13.536299,-228.85139
13.543348,-229.07275
13.54678,-229.26935
13.552427,-229.45879
13.558265,-229.66684
13.566048,-229.84459
13.569592,-230.05417
13.574378,-230.24745
13.580231,-230.46049
13.584698,-230.62114
13.589412,-230.83035
13.596424,-231.03212
13.601147,-231.20178
13.60603,-231.40987
13.613655,-231.63661
13.618468,-231.8261
13.62309,-232.00533
13.626056,-232.18521
13.632225,-232.40221
13.639245,-232.6196
13.643142,-232.79951
13.651031,-233.02542
13.654578,-233.19696
13.660151,-233.39226
13.666478,-233.60364
13.672148,-233.7957
13.677267,-233.99669
13.68501,-234.19643
13.689737,-234.38927
13.695748,-234.6151
13.699597,-234.80789
13.704428,-234.97118
13.71131,-235.19922
13.714812,-235.36371
13.722875,-235.58524
13.730142,-235.77586
13.734962,-235.96848
13.738961,-236.17078
13.742679,-236.34517
13.747825,-236.54176
13.755072,-236.75851
13.759227,-236.9472
13.76531,-237.15459
13.769609,-237.35973
13.77644,-237.56522
13.781849,-237.74103
13.784683,-237.95483
13.791581,-238.13307
13.797626,-238.35457
13.803308,-238.5363
13.808652,-238.74301
13.814852,-238.96094
13.82079,-239.15685
13.826866,-239.35114
13.832485,-239.55661
13.834819,-239.73569
13.839792,-239.93776
13.846112,-240.13503
13.851002,-240.33873
13.855096,-240.53975
13.861952,-240.71451
13.864923,-240.92706
13.870172,-241.10161
13.875947,-241.31923
13.878681,-241.52124
13.883833,-241.6944
13.892009,-241.91905
13.896336,-242.11354
13.900888,-242.31412
13.905736,-242.49065
13.912604,-242.69914
13.917434,-242.88133
13.923509,-243.09932
13.929457,-243.28894
13.933908,-243.49353
13.938725,-243.70358
13.939631,-243.86705
13.946843,-244.07895
13.951545,-244.28036
13.957417,-244.49579
13.960462,-244.6721
13.968019,-244.89131
13.971627,-245.0681
13.97684,-245.25888
13.981627,-245.47842
13.987762,-245.68698
13.991967,-245.84584
13.99716,-246.05873
14.004553,-246.28534
14.007832,-246.46002
14.012484,-246.64177
14.018761,-246.84006
14.025649,-247.04413
14.028378,-247.21822
14.036418,-247.44922
14.04148,-247.63487
14.045093,-247.8438
14.051107,-248.07179
14.05421,-248.21593
14.058443,-248.44672
14.063709,-248.60365
14.069184,-248.80954
14.07343,-249.02139
14.080621,-249.22491
14.083336,-249.42474
14.089585,-249.60934
14.094987,-249.80185
14.100743,-249.9953
14.105652,-250.1866
14.113487,-250.39197
14.118125,-250.59581
14.12274,-250.78319
14.125813,-250.95758
14.131183,-251.18706
14.13748,-251.37488
14.142051,-251.56682
14.148338,-251.76054
14.151811,-251.95709
14.157303,-252.16516
14.163906,-252.36577
14.169682,-252.56483
14.173851,-252.73679
14.177514,-252.92751
14.183916,-253.14496
14.188208,-253.33528
14.193994,-253.51633
14.200354,-253.74054
14.204127,-253.90085
14.211349,-254.12711
14.215314,-254.32945
14.221037,-254.52728
14.225901,-254.73355
14.230133,-254.91586
14.236773,-255.1073
14.243078,-255.31065
14.249354,-255.55037
14.253428,-255.71028
14.258002,-255.90607
14.262744,-256.08362
14.268628,-256.2981
14.274517,-256.47733
14.280608,-256.69791
14.283796,-256.89383
14.287471,-257.08765
14.294618,-257.30386
14.297402,-257.46735
14.302897,-257.67572
14.310893,-257.88535
14.316577,-258.09924
14.320587,-258.29391
14.326051,-258.45322
14.333287,-258.66071
14.336771,-258.84186
14.34323,-259.04916
14.34896,-259.24905
14.352809,-259.43906
14.360525,-259.65457
14.366676,-259.85724
14.369631,-260.04001
14.376208,-260.23776
14.381176,-260.44565
14.388349,-260.65161
14.392802,-260.84811
14.397923,-261.03763
14.401058,-261.2424
14.40606,-261.44485
14.41091,-261.62817
14.416044,-261.82065
14.419676,-262.01407
14.425385,-262.23618
14.429202,-262.41193
14.434403,-262.63434
14.438042,-262.82913
14.443397,-263.0014
14.448142,-263.18872
14.45446,-263.39917
14.460906,-263.59512
14.46592,-263.80856
14.47168,-263.99625
14.477461,-264.18893
14.481817,-264.35757
14.488932,-264.56787
14.492284,-264.75726
14.497145,-264.97464
14.501434,-265.16809
14.508258,-265.37543
14.513361,-265.55252
14.51639,-265.75937
14.523426,-265.95352
14.530783,-266.15613
14.535202,-266.37991
14.541412,-266.52118
14.548882,-266.73962
14.555598,-266.9353
14.559235,-267.10059
14.563896,-267.33792
14.569804,-267.5368
14.572672,-267.71271
14.582006,-267.95978
14.586926,-268.11136
14.589651,-268.31256
14.596191,-268.55014
14.601164,-268.68942
14.605993,-268.8974
14.610081,-269.11441
14.615602,-269.31503
14.622801,-269.53601
14.629206,-269.71353
14.6331,-269.91718
14.637231,-270.10358
14.64256,-270.30417
14.648248,-270.49832
14.652036,-270.70624
14.657403,-270.91818
14.661765,-271.11182
14.665112,-271.27954
14.67135,-271.48972
14.676058,-271.69199
14.680534,-271.87585
14.68694,-272.08438
14.691056,-272.27097
14.695904,-272.4888
14.700907,-272.65939
14.708832,-272.87283
14.711616,-273.08188
14.718488,-273.27249
14.724249,-273.48022
14.730354,-273.68552
14.734578,-273.87628
14.741286,-274.0925
14.746397,-274.24579
14.752548,-274.44394
14.757717,-274.6571
14.763888,-274.84726
14.768209,-275.05771
14.774045,-275.25357
14.778345,-275.44138
14.784248,-275.62723
14.786689,-275.83105
14.792107,-276.02313
14.798692,-276.22244
14.803563,-276.409
14.808293,-276.59525
14.814408,-276.80429
14.817427,-276.99353
14.824289,-277.20071
14.828668,-277.40292
14.834378,-277.59238
14.837763,-277.7702
14.844495,-277.99707
14.85008,-278.19708
14.85509,-278.36368
14.861201,-278.55859
14.867578,-278.78793
14.870687,-278.99002
14.876564,-279.1796
14.882335,-279.40555
14.887291,-279.58316
14.893771,-279.7847
14.89669,-279.99243
14.903399,-280.16537
14.90919,-280.35962
14.914114,-280.58295
14.919668,-280.75266
14.926323,-280.96277
14.932268,-281.17426
14.935975,-281.38187
14.940271,-281.58087
14.945649,-281.76404
14.953125,-281.96991
14.956327,-282.15283
14.961111,-282.36789
14.964674,-282.54132
14.970633,-282.74805
14.977018,-282.9548
14.983768,-283.14478
14.987972,-283.34134
14.995123,-283.54898
14.999669,-283.74716
15.00555,-283.96045
15.011233,-284.14621
15.019271,-284.34595
15.025151,-284.54501
15.030094,-284.73257
15.036493,-284.91888
15.04017,-285.09741
15.049244,-285.32538
15.054241,-285.52441
15.058446,-285.72305
15.061588,-285.92117
15.068896,-286.12079
15.074475,-286.30508
15.078874,-286.50946
15.083621,-286.67441
15.090597,-286.89648
15.096289,-287.10715
15.103022,-287.27716
15.107926,-287.47351
15.114288,-287.68411
15.11985,-287.87326
15.126203,-288.05957
15.128876,-288.26086
15.134491,-288.46497
15.139594,-288.66995
15.145479,-288.83902
15.152618,-289.07199
15.157445,-289.24777
15.161576,-289.45273
15.166806,-289.64804
15.171043,-289.85498
15.175218,-290.0463
15.181828,-290.22977
15.18571,-290.42554
15.194237,-290.60992
15.199725,-290.80594
15.206063,-291.04111
15.214464,-291.2312
15.218814,-291.42111
15.225427,-291.60233
15.230302,-291.81461
15.234893,-291.99454
15.243236,-292.21747
15.246234,-292.38843
15.250907,-292.5759
15.256356,-292.80865
15.262915,-292.99362
15.267587,-293.16061
15.274705,-293.35141
15.281209,-293.56219
15.28679,-293.76297
15.289804,-293.94205
15.299105,-294.16663
15.302659,-294.35703
15.309551,-294.55789
15.313828,-294.75653
15.317641,-294.94937
15.323381,-295.12759
15.329148,-295.33386
15.333635,-295.52539
15.340664,-295.73334
15.347278,-295.9274
15.353417,-296.13232
15.359983,-296.31909
15.365664,-296.54059
15.369629,-296.73337
15.37394,-296.90765
15.377601,-297.10556
15.386497,-297.30945
15.39222,-297.49255
15.398855,-297.70047
15.40346,-297.89722
15.41154,-298.09033
15.416773,-298.29721
15.420642,-298.49771
15.42573,-298.68295
15.431067,-298.87143
15.435555,-299.08981
15.439139,-299.27432
15.446523,-299.47147
15.450952,-299.67081
15.457516,-299.85071
15.463624,-300.05457
15.46967,-300.25998
15.474936,-300.44458
15.47987,-300.65018
15.484781,-300.83545
15.492237,-301.04401
15.497835,-301.25409
15.504094,-301.43701
15.509168,-301.64575
15.513747,-301.83286
15.517312,-302.02774
15.522223,-302.23209
15.528632,-302.41486
15.533998,-302.59229
15.540104,-302.80933
15.546082,-303.00613
15.552208,-303.19833
15.555648,-303.39944
15.562601,-303.58224
15.568261,-303.77899
15.574092,-303.98312
15.578384,-304.19501
15.584472,-304.39825
15.593182,-304.6102
15.598575,-304.78314
15.607149,-305.02451
15.612984,-305.18976
15.618566,-305.39084
15.625821,-305.5885
15.62853,-305.76276
15.632345,-305.96643
15.637954,-306.18018
15.644018,-306.39322
15.651345,-306.59207
15.658155,-306.78799
15.660933,-306.94769
15.669543,-307.17413
15.67396,-307.37927
15.678702,-307.55054
15.687581,-307.76355
15.694046,-307.95721
15.697367,-308.13412
15.703491,-308.34195
15.707203,-308.53656
15.712376,-308.72833
15.717951,-308.92276
15.72306,-309.11862
15.730224,-309.35764
15.732423,-309.52197
15.740796,-309.75079
15.745053,-309.91031
15.751415,-310.11676
15.757237,-310.32123
15.759664,-310.51108
15.767078,-310.71286
15.772472,-310.88593
15.778848,-311.08972
15.784185,-311.29419
15.792178,-311.50204
15.797831,-311.7128
15.801874,-311.87219
15.811432,-312.08237
15.817266,-312.28342
15.825727,-312.47003
15.838656,-312.67566
15.851953,-312.87994
15.860498,-313.05542
15.874987,-313.28326
15.884299,-313.4791
15.894211,-313.63809
15.904167,-313.88281
15.917464,-314.0806
15.92839,-314.29446
15.939724,-314.45999
15.948483,-314.64267
15.956871,-314.82657
15.967338,-315.02206
15.980074,-315.23172
15.991309,-315.41635
16.003036,-315.62973
16.012398,-315.8291
16.022964,-316.0365
16.034912,-316.26794
16.040958,-316.40994
16.052967,-316.63394
16.06324,-316.84781
16.077791,-317.08578
16.087076,-317.24338
16.09738,-317.43298
16.108454,-317.62369
16.117632,-317.80042
16.130861,-318.02814
16.140602,-318.21381
16.15222,-318.41687
16.163105,-318.60815
16.175671,-318.81522
16.185699,-319.00888
16.195742,-319.17749
16.205811,-319.39664
16.214392,-319.57117
16.224934,-319.77686
16.239573,-319.98083
16.249161,-320.17313
16.261463,-320.38486
16.271967,-320.57986
16.281412,-320.75528
16.290976,-320.97369
16.30378,-321.16833
16.317068,-321.35336
16.325802,-321.54367
16.339384,-321.74475
16.35071,-321.96695
16.361387,-322.16306
16.371016,-322.33438
16.379963,-322.52332
16.392231,-322.72165
16.403339,-322.90979
16.415148,-323.11301
16.426968,-323.33221
16.436537,-323.51944
16.447592,-323.71988
16.458574,-323.90634
16.470419,-324.10825
16.478199,-324.29095
16.48937,-324.49896
16.50024,-324.68793
16.509853,-324.87167
16.520184,-325.06711
16.531578,-325.26596
16.542379,-325.49341
16.551931,-325.65701
16.564049,-325.8483
16.57375,-326.03183
16.58596,-326.25259
16.596924,-326.44394
16.607372,-326.64493
16.620424,-326.85651
16.630781,-327.01971
16.641384,-327.23392
16.65377,-327.43369
16.664026,-327.60892
16.673412,-327.79166
16.684229,-327.99496
16.696363,-328.21017
16.707884,-328.39484
16.718489,-328.60434
16.729107,-328.79782
16.742403,-328.99652
16.752934,-329.19064
16.765394,-329.39655
16.776373,-329.59
16.785149,-329.77679
16.796955,-329.97751
16.811134,-330.21451
16.824696,-330.45645
16.834114,-330.60126
16.843052,-330.785
16.854235,-330.96552
16.865919,-331.20337
16.876432,-331.39673
16.888338,-331.6243
16.897999,-331.82977
16.909416,-331.98975
16.919916,-332.19211
16.932503,-332.42914
16.939934,-332.58948
16.952372,-332.80243
16.963858,-332.99359
16.975103,-333.20453
16.987377,-333.41336
16.998882,-333.61963
17.007935,-333.7887
17.019735,-333.99734
17.029495,-334.17761
17.041519,-334.38974
17.052353,-334.58368
17.064806,-334.78253
17.074993,-334.9903
17.08456,-335.14911
17.097931,-335.37817
17.109037,-335.5495
17.12101,-335.76733
17.132595,-335.96039
17.143459,-336.16171
17.153967,-336.35458
17.165121,-336.5368
17.175322,-336.74387
17.185877,-336.95093
17.193693,-337.12997
17.204134,-337.31702
17.217096,-337.52753
17.226715,-337.71127
17.237051,-337.91003
17.247337,-338.1142
17.257614,-338.30435
17.267841,-338.49728
17.277378,-338.71149
17.289122,-338.89801
17.299475,-339.09106
17.311726,-339.28851
17.322008,-339.47263
17.334526,-339.67975
17.345659,-339.86603
17.356842,-340.07883
17.366451,-340.26807
17.377775,-340.47043
17.390245,-340.68353
17.401623,-340.89328
17.412117,-341.05768
17.42557,-341.28717
17.438036,-341.49869
17.4475,-341.67642
17.458052,-341.86432
17.472622,-342.0799
17.480738,-342.24631
17.495722,-342.49548
17.503468,-342.65283
17.513611,-342.84799
17.52463,-343.04227
17.534479,-343.23557
17.545034,-343.43683
17.554823,-343.61108
17.5644,-343.79962
17.575586,-344.01318
17.586756,-344.2222
17.596577,-344.41089
17.605824,-344.59174
17.615456,-344.78259
17.626856,-344.97589
17.640631,-345.20905
17.649145,-345.40665
17.660107,-345.57101
17.67227,-345.78534
17.685259,-346.00159
17.694681,-346.19424
17.704964,-346.37177
17.714544,-346.57916
17.726986,-346.77536
17.740685,-346.95309
17.750679,-347.14694
17.762196,-347.37543
17.772192,-347.54587
17.781378,-347.73553
17.793999,-347.94925
17.805861,-348.12363
17.816816,-348.33688
17.824385,-348.51871
17.835175,-348.70673
17.847713,-348.91013
17.859869,-349.11786
17.86968,-349.31204
17.880409,-349.50586
17.891521,-349.71368
17.902559,-349.90277
17.912273,-350.08337
17.922018,-350.30289
17.934826,-350.49576
17.944639,-350.6788
17.953856,-350.86368
17.969042,-351.11121
17.979239,-351.29193
17.9888,-351.48251
17.99824,-351.68274
18.008129,-351.86658
18.016308,-352.04803
18.028603,-352.25293
18.039877,-352.4563
18.051041,-352.65665
18.061096,-352.841
18.071428,-353.03262
18.082785,-353.23615
18.092623,-353.43442
18.104101,-353.63177
18.112469,-353.82071
18.123253,-354.01819
18.135456,-354.2446
18.144623,-354.43091
18.154081,-354.62378
18.16544,-354.81595
18.175398,-354.99045
18.188513,-355.23108
18.20125,-355.41205
18.210207,-355.59308
18.222284,-355.83438
18.231998,-355.99091
18.240953,-356.18839
18.248755,-356.37488
18.257879,-356.55585
18.2717,-356.75284
18.28159,-356.95453
18.290104,-357.14163
18.301678,-357.35007
18.314785,-357.54639
18.327312,-357.75327
18.336273,-357.93256
18.349792,-358.18884
18.357906,-358.33347
18.370115,-358.5484
18.380352,-358.7384
18.394016,-358.95312
18.401091,-359.12408
18.410023,-359.31918
18.422401,-359.52621
18.434065,-359.7276
18.444914,-359.92679
18.457188,-360.11197
18.469309,-360.3248
18.479841,-360.50293
18.491875,-360.69528
18.504776,-360.94403
18.509773,-361.0914
18.52095,-361.29996
18.532784,-361.47229
18.540863,-361.68118
18.55471,-361.87433
18.565151,-362.08676
18.574284,-362.2785
18.586283,-362.48682
18.595211,-362.65866
18.607962,-362.85406
18.616302,-363.05264
18.627098,-363.24072
18.639858,-363.44882
18.650227,-363.65543
18.662144,-363.84116
18.673487,-364.06738
18.684372,-364.25195
18.694721,-364.42514
18.706127,-364.66138
18.718927,-364.88956
18.727131,-365.04156
18.736938,-365.23151
18.746914,-365.43683
18.754921,-365.63232
18.766533,-365.82028
18.778913,-366.00409
18.788904,-366.1853
18.801422,-366.41257
18.811789,-366.6098
18.822102,-366.78549
18.832182,-367.0065
18.842224,-367.18692
18.856298,-367.3866
18.871387,-367.6185
18.880882,-367.78131
18.890364,-367.96777
18.90432,-368.19174
18.914501,-368.38654
18.926411,-368.60941
18.937054,-368.77692
18.949287,-368.98392
18.961618,-369.2113
18.970726,-369.38284
18.980902,-369.60263
18.992416,-369.78021
19.001793,-369.96664
19.01391,-370.1723
19.023682,-370.38687
19.032125,-370.57263
19.045717,-370.7843
19.056498,-370.97946
19.064222,-371.14145
19.076195,-371.36133
19.08555,-371.54651
19.096853,-371.75357
19.105738,-371.93146
19.11791,-372.1412
19.128202,-372.36066
19.138292,-372.56329
19.147552,-372.71735
19.15996,-372.91907
19.172808,-373.10681
19.185371,-373.29068
19.193443,-373.49878
19.207254,-373.73465
19.214899,-373.90652
19.224228,-374.10052
19.233406,-374.28818
19.242916,-374.46564
19.255909,-374.68634
19.266542,-374.88501
19.277836,-375.10663
19.287554,-375.27997
19.297018,-375.46109
19.308987,-375.65829
19.319166,-375.85236
19.326838,-376.03607
19.34059,-376.25156
19.349203,-376.43851
19.364801,-376.6366
19.370922,-376.82684
19.382633,-377.02588
19.395403,-377.22656
19.404772,-377.43567
19.415979,-377.62778
19.424065,-377.80667
19.438187,-378.01471
19.448662,-378.21231
19.460888,-378.42435
19.472996,-378.59714
19.482578,-378.81467
19.49317,-378.97906
19.505629,-379.18884
19.518127,-379.41931
19.525303,-379.58936
19.537447,-379.79904
19.546854,-379.9823
19.557461,-380.17569
19.568819,-380.38156
19.577852,-380.56335
19.588495,-380.76532
19.602129,-380.97018
19.612371,-381.14447
19.624592,-381.37265
19.635778,-381.56381
19.645426,-381.75027
19.658953,-381.93555
19.670147,-382.14774
19.681664,-382.34338
19.693008,-382.53
19.704575,-382.72675
19.714581,-382.92706
19.725397,-383.12189
19.738272,-383.34045
19.746416,-383.5145
19.755302,-383.68765
19.766941,-383.92075
19.776245,-384.11087
19.789356,-384.3129
19.79991,-384.50327
19.810259,-384.69547
19.824043,-384.89612
19.834848,-385.06946
19.845768,-385.29883
19.857595,-385.48526
19.864788,-385.66699
19.874798,-385.86237
19.888704,-386.07306
19.89893,-386.25916
19.908831,-386.45694
19.919537,-386.66516
19.929232,-386.86105
19.938814,-387.03287
19.953491,-387.24823
19.967054,-387.46878
19.977657,-387.66803
19.987001,-387.86212
19.997955,-388.07407
20.006762,-388.21942
20.019026,-388.43335
20.031301,-388.63763
20.042501,-388.83078
20.053232,-389.01791
20.062517,-389.20407
20.073416,-389.44287
20.086754,-389.61285
20.096951,-389.80801
20.107092,-389.98907
20.119787,-390.21121
20.130905,-390.44528
20.139278,-390.5968
20.151731,-390.81165
20.164312,-391.00589
20.173845,-391.19006
20.185583,-391.39053
20.194475,-391.57147
20.205458,-391.77853
20.216284,-391.9621
20.227985,-392.1843
20.239983,-392.36905
20.248627,-392.54263
20.261452,-392.76242
20.271433,-392.94193
20.281725,-393.15665
20.293056,-393.35837
20.29764,-393.52689
20.311094,-393.74426
20.318914,-393.91693
20.3344,-394.13525
20.343023,-394.29816
20.35507,-394.4953
20.365519,-394.71533
20.374792,-394.91269
20.382851,-395.08823
20.394939,-395.27151
20.405556,-395.48767
20.418964,-395.69141
20.436615,-396.08398
20.447632,-396.28094
20.457764,-396.46527
20.471333,-396.68365
20.480436,-396.88223
20.49148,-397.05917
20.50527,-397.25555
20.518524,-397.49109
20.526867,-397.67719
20.526867,-397.67719
20.541126,-397.87277
20.554344,-398.06271
20.566568,-398.27136
20.577513,-398.48889
20.588219,-398.66077
20.595655,-398.87122
20.606363,-399.06644
20.625141,-399.47678
20.625141,-399.47678
20.637581,-399.63525
20.650282,-399.85764
20.66139,-400.0502
20.671572,-400.23969
20.693129,-400.60947
20.701876,-400.81848
20.7113,-401.01099
20.72304,-401.23254
20.733744,-401.39874
20.744333,-401.60773
20.754652,-401.80875
20.76391,-401.99622
20.774015,-402.19366
20.788488,-402.43448
20.797607,-402.5954
20.809095,-402.78
20.818811,-402.96851
20.832216,-403.18881
20.842201,-403.37213
20.854786,-403.58115
20.862383,-403.78159
20.874369,-403.96765
20.883404,-404.15671
20.895515,-404.34024
20.906956,-404.54584
20.915163,-404.73309
20.926092,-404.91867
20.938646,-405.1445
20.949514,-405.3576
20.959589,-405.53757
20.969303,-405.72079
20.979971,-405.91727
20.988848,-406.09647
21.000471,-406.29431
21.012255,-406.50864
21.022406,-406.67563
21.032898,-406.86945
21.045284,-407.08951
21.057732,-407.28967
21.066256,-407.48251
21.077475,-407.66376
21.0895,-407.91382
21.098288,-408.06787
21.10989,-408.2764
21.120321,-408.4631
21.131649,-408.64371
21.145222,-408.854
21.158453,-409.07559
21.168188,-409.24503
21.178064,-409.45813
21.188549,-409.65195
21.199173,-409.85123
21.2073,-410.01923
21.220364,-410.22839
21.23147,-410.42795
21.241619,-410.6293
21.253275,-410.81079
21.26396,-410.99719
21.275309,-411.23792
21.284842,-411.40402
21.296192,-411.65057
21.30508,-411.80835
21.314974,-412.01059
21.324598,-412.20355
21.335567,-412.38828
21.345882,-412.60727
21.353394,-412.76721
21.364891,-412.97961
21.375202,-413.18427
21.384188,-413.35486
21.395348,-413.53232
21.407297,-413.74786
21.414818,-413.93234
21.427458,-414.12268
21.437609,-414.32651
21.450193,-414.5036
21.462589,-414.72748
21.473303,-414.95578
21.484238,-415.12311
21.495846,-415.31274
21.507086,-415.50464
21.518362,-415.7229
21.528196,-415.89304
21.537891,-416.07959
21.55068,-416.30777
21.547255,-416.491
21.524542,-416.6702
21.496668,-416.87103
21.472769,-417.05759
21.442667,-417.28461
21.425163,-417.41504
21.402712,-417.5881
21.378212,-417.79587
21.352629,-417.98001
21.326159,-418.18387
21.302374,-418.37366
21.27733,-418.57266
21.254168,-418.74371
21.227261,-418.96017
21.201542,-419.1449
21.173779,-419.36621
21.147324,-419.57224
21.123884,-419.75085
21.101357,-419.92889
21.07729,-420.11774
21.054098,-420.29489
21.026657,-420.53107
21.004206,-420.70789
20.984135,-420.86572
20.954071,-421.09329
20.925098,-421.30942
20.907461,-421.46204
20.87904,-421.67377
20.85323,-421.87811
20.82819,-422.0816
20.807899,-422.23657
20.782867,-422.44516
20.75358,-422.65802
20.732489,-422.82339
20.7106,-422.99789
20.684441,-423.19354
20.660376,-423.38196
20.635595,-423.5639
20.611406,-423.75836
20.586115,-423.96106
20.56179,-424.15228
20.536207,-424.33704
20.505873,-424.55649
20.479158,-424.76089
20.449253,-424.99365
20.427183,-425.1716
20.396542,-425.40616
20.376833,-425.55914
20.351917,-425.76031
20.328583,-425.93231
20.305021,-426.11923
20.272785,-426.36707
20.249756,-426.53259
20.224304,-426.72357
20.203703,-426.89148
20.175243,-427.11057
20.145649,-427.31528
20.122925,-427.49698
20.098101,-427.67523
20.07023,-427.88065
20.045975,-428.06946
20.021587,-428.25461
19.996014,-428.45502
19.970821,-428.65036
19.942049,-428.84982
19.918896,-429.03711
19.893381,-429.246
19.882961,-429.42645
19.882521,-429.62183
19.884268,-429.81976
19.885254,-429.99438
19.888243,-430.19217
19.890823,-430.38278
19.895075,-430.58353
19.898504,-430.79764
19.903822,-430.987
19.905695,-431.17545
19.910286,-431.36417
19.914373,-431.57455
19.919075,-431.74585
19.924957,-431.95401
19.929926,-432.11298
19.934816,-432.29596
19.939325,-432.5105
19.948172,-432.74899
19.950598,-432.90457
19.959396,-433.09161
19.965002,-433.27206
19.973572,-433.47662
19.978464,-433.66852
19.985098,-433.8989
19.992182,-434.07635
19.9988,-434.30023
20.006683,-434.48978
20.015682,-434.65823
